"Status","Start Time","Stop Time","Duration in ms","Parent Suite","Suite","Sub Suite","Test Class","Test Method","Name","Description"
"skipped","Fri Jun 10 06:36:06 GMT 2022","Fri Jun 10 06:36:06 GMT 2022","1","SHAFT: Custom Suite","SHAFT: Custom Test","tests.gui.google.D_Search_PageObjectModel_Traditional_DataDriven","tests.gui.google.D_Search_PageObjectModel_Traditional_DataDriven","navigateToGoogleHomeAndAssertPageTitle","navigateToGoogleHomeAndAssertPageTitle",""
"failed","Fri Jun 10 06:35:44 GMT 2022","Fri Jun 10 06:35:44 GMT 2022","2","SHAFT: Custom Suite","SHAFT: Custom Test","tests.gui.google.F_Search_PageObjectModel_Fluent","tests.gui.google.F_Search_PageObjectModel_Fluent","beforeClass","beforeClass",""
"skipped","Fri Jun 10 06:35:48 GMT 2022","Fri Jun 10 06:35:48 GMT 2022","2","SHAFT: Custom Suite","SHAFT: Custom Test","tests.gui.google.A_Search_FlatTest_NativeSeleniumWebDriver","tests.gui.google.A_Search_FlatTest_NativeSeleniumWebDriver","searchForQueryAndAssertFirstResultTextIsCorrect","searchForQueryAndAssertFirstResultTextIsCorrect",""
"skipped","Fri Jun 10 06:36:06 GMT 2022","Fri Jun 10 06:36:06 GMT 2022","1","SHAFT: Custom Suite","SHAFT: Custom Test","tests.gui.google.D_Search_PageObjectModel_Traditional_DataDriven","tests.gui.google.D_Search_PageObjectModel_Traditional_DataDriven","searchForQueryAndAssertFirstResultTextIsCorrect","searchForQueryAndAssertFirstResultTextIsCorrect",""
"skipped","Fri Jun 10 06:36:06 GMT 2022","Fri Jun 10 06:36:06 GMT 2022","1","SHAFT: Custom Suite","SHAFT: Custom Test","tests.gui.google.D_Search_PageObjectModel_Traditional_DataDriven","tests.gui.google.D_Search_PageObjectModel_Traditional_DataDriven","navigateToGoogleHomeAndAssertGoogleLogoIsDisplayed","navigateToGoogleHomeAndAssertGoogleLogoIsDisplayed",""
"passed","Fri Jun 10 06:36:10 GMT 2022","Fri Jun 10 06:36:10 GMT 2022","35","SHAFT: Custom Suite","SHAFT: Custom Test","tests.cli.demo.cliTest","tests.cli.demo.cliTest","sampleTestCase","sampleTestCase",""
"skipped","Fri Jun 10 06:35:48 GMT 2022","Fri Jun 10 06:35:48 GMT 2022","1","SHAFT: Custom Suite","SHAFT: Custom Test","tests.gui.google.G_Search_PageObjectModel_ThreadSafe","tests.gui.google.G_Search_PageObjectModel_ThreadSafe","searchForQueryAndAssertFirstResultTextIsCorrect","searchForQueryAndAssertFirstResultTextIsCorrect",""
"passed","Fri Jun 10 06:35:53 GMT 2022","Fri Jun 10 06:35:53 GMT 2022","751","SHAFT: Custom Suite","SHAFT: Custom Test","tests.gui.google.B_Search_FlatTest_SHAFT","tests.gui.google.B_Search_FlatTest_SHAFT","navigateToGoogleHomeAndAssertPageTitle","navigateToGoogleHomeAndAssertPageTitle",""
"skipped","Fri Jun 10 06:35:45 GMT 2022","Fri Jun 10 06:35:45 GMT 2022","2","SHAFT: Custom Suite","SHAFT: Custom Test","tests.gui.google.F_Search_PageObjectModel_Fluent","tests.gui.google.F_Search_PageObjectModel_Fluent","navigateToGoogleHomeAndAssertPageTitle","navigateToGoogleHomeAndAssertPageTitle",""
"passed","Fri Jun 10 06:36:02 GMT 2022","Fri Jun 10 06:36:02 GMT 2022","50","SHAFT: Custom Suite","SHAFT: Custom Test","tests.gui.google.C_Search_PageObjectModel_Traditional","tests.gui.google.C_Search_PageObjectModel_Traditional","navigateToGoogleHomeAndAssertPageTitle","navigateToGoogleHomeAndAssertPageTitle",""
"failed","Fri Jun 10 06:35:48 GMT 2022","Fri Jun 10 06:35:48 GMT 2022","0","SHAFT: Custom Suite","SHAFT: Custom Test","tests.gui.google.G_Search_PageObjectModel_ThreadSafe","tests.gui.google.G_Search_PageObjectModel_ThreadSafe","beforeClass","beforeClass",""
"skipped","Fri Jun 10 06:35:59 GMT 2022","Fri Jun 10 06:35:59 GMT 2022","1","SHAFT: Custom Suite","SHAFT: Custom Test","tests.gui.google.E_Search_PageObjectModel_Traditional_SHAFTAssertions","tests.gui.google.E_Search_PageObjectModel_Traditional_SHAFTAssertions","searchForQueryAndAssertFirstResultTextIsCorrect","searchForQueryAndAssertFirstResultTextIsCorrect",""
"failed","Fri Jun 10 06:36:04 GMT 2022","Fri Jun 10 06:36:06 GMT 2022","2227","SHAFT: Custom Suite","SHAFT: Custom Test","tests.gui.google.C_Search_PageObjectModel_Traditional","tests.gui.google.C_Search_PageObjectModel_Traditional","searchForQueryAndAssertFirstResultTextIsCorrect","searchForQueryAndAssertFirstResultTextIsCorrect",""
"failed","Fri Jun 10 06:35:55 GMT 2022","Fri Jun 10 06:35:58 GMT 2022","2951","SHAFT: Custom Suite","SHAFT: Custom Test","tests.gui.google.B_Search_FlatTest_SHAFT","tests.gui.google.B_Search_FlatTest_SHAFT","searchForQueryAndAssertFirstResultTextIsCorrect","searchForQueryAndAssertFirstResultTextIsCorrect",""
"broken","Fri Jun 10 06:35:48 GMT 2022","Fri Jun 10 06:35:48 GMT 2022","0","SHAFT: Custom Suite","SHAFT: Custom Test","tests.gui.google.A_Search_FlatTest_NativeSeleniumWebDriver","tests.gui.google.A_Search_FlatTest_NativeSeleniumWebDriver","beforeMethod","beforeMethod",""
"skipped","Fri Jun 10 06:35:45 GMT 2022","Fri Jun 10 06:35:45 GMT 2022","25","SHAFT: Custom Suite","SHAFT: Custom Test","tests.gui.google.F_Search_PageObjectModel_Fluent","tests.gui.google.F_Search_PageObjectModel_Fluent","navigateToGoogleHomeAndAssertGoogleLogoIsDisplayed","navigateToGoogleHomeAndAssertGoogleLogoIsDisplayed",""
"passed","Fri Jun 10 06:36:06 GMT 2022","Fri Jun 10 06:36:10 GMT 2022","4117","SHAFT: Custom Suite","SHAFT: Custom Test","tests.api.users.UserData","tests.api.users.UserData","validateUserEmail","validateUserEmail",""
"failed","Fri Jun 10 06:35:59 GMT 2022","Fri Jun 10 06:35:59 GMT 2022","0","SHAFT: Custom Suite","SHAFT: Custom Test","tests.gui.google.E_Search_PageObjectModel_Traditional_SHAFTAssertions","tests.gui.google.E_Search_PageObjectModel_Traditional_SHAFTAssertions","beforeClass","beforeClass",""
"skipped","Fri Jun 10 06:35:48 GMT 2022","Fri Jun 10 06:35:48 GMT 2022","0","SHAFT: Custom Suite","SHAFT: Custom Test","tests.gui.google.G_Search_PageObjectModel_ThreadSafe","tests.gui.google.G_Search_PageObjectModel_ThreadSafe","navigateToGoogleHomeAndAssertPageTitle","navigateToGoogleHomeAndAssertPageTitle",""
"failed","Fri Jun 10 06:36:06 GMT 2022","Fri Jun 10 06:36:06 GMT 2022","1","SHAFT: Custom Suite","SHAFT: Custom Test","tests.gui.google.D_Search_PageObjectModel_Traditional_DataDriven","tests.gui.google.D_Search_PageObjectModel_Traditional_DataDriven","beforeClass","beforeClass",""
"skipped","Fri Jun 10 06:35:59 GMT 2022","Fri Jun 10 06:35:59 GMT 2022","1","SHAFT: Custom Suite","SHAFT: Custom Test","tests.gui.google.E_Search_PageObjectModel_Traditional_SHAFTAssertions","tests.gui.google.E_Search_PageObjectModel_Traditional_SHAFTAssertions","navigateToGoogleHomeAndAssertGoogleLogoIsDisplayed","navigateToGoogleHomeAndAssertGoogleLogoIsDisplayed",""
"passed","Fri Jun 10 06:36:00 GMT 2022","Fri Jun 10 06:36:00 GMT 2022","136","SHAFT: Custom Suite","SHAFT: Custom Test","tests.gui.google.C_Search_PageObjectModel_Traditional","tests.gui.google.C_Search_PageObjectModel_Traditional","navigateToGoogleHomeAndAssertGoogleLogoIsDisplayed","navigateToGoogleHomeAndAssertGoogleLogoIsDisplayed",""
"skipped","Fri Jun 10 06:35:48 GMT 2022","Fri Jun 10 06:35:48 GMT 2022","2","SHAFT: Custom Suite","SHAFT: Custom Test","tests.gui.google.A_Search_FlatTest_NativeSeleniumWebDriver","tests.gui.google.A_Search_FlatTest_NativeSeleniumWebDriver","navigateToGoogleHomeAndAssertGoogleLogoIsDisplayed","navigateToGoogleHomeAndAssertGoogleLogoIsDisplayed",""
"skipped","Fri Jun 10 06:35:48 GMT 2022","Fri Jun 10 06:35:48 GMT 2022","1","SHAFT: Custom Suite","SHAFT: Custom Test","tests.gui.google.G_Search_PageObjectModel_ThreadSafe","tests.gui.google.G_Search_PageObjectModel_ThreadSafe","navigateToGoogleHomeAndAssertGoogleLogoIsDisplayed","navigateToGoogleHomeAndAssertGoogleLogoIsDisplayed",""
"skipped","Fri Jun 10 06:35:59 GMT 2022","Fri Jun 10 06:35:59 GMT 2022","1","SHAFT: Custom Suite","SHAFT: Custom Test","tests.gui.google.E_Search_PageObjectModel_Traditional_SHAFTAssertions","tests.gui.google.E_Search_PageObjectModel_Traditional_SHAFTAssertions","navigateToGoogleHomeAndAssertPageTitle","navigateToGoogleHomeAndAssertPageTitle",""
"skipped","Fri Jun 10 06:35:45 GMT 2022","Fri Jun 10 06:35:45 GMT 2022","1","SHAFT: Custom Suite","SHAFT: Custom Test","tests.gui.google.F_Search_PageObjectModel_Fluent","tests.gui.google.F_Search_PageObjectModel_Fluent","searchForQueryAndAssertFirstResultTextIsCorrect","searchForQueryAndAssertFirstResultTextIsCorrect",""
"skipped","Fri Jun 10 06:35:48 GMT 2022","Fri Jun 10 06:35:48 GMT 2022","1","SHAFT: Custom Suite","SHAFT: Custom Test","tests.gui.google.A_Search_FlatTest_NativeSeleniumWebDriver","tests.gui.google.A_Search_FlatTest_NativeSeleniumWebDriver","navigateToGoogleHomeAndAssertPageTitle","navigateToGoogleHomeAndAssertPageTitle",""
"passed","Fri Jun 10 06:35:50 GMT 2022","Fri Jun 10 06:35:51 GMT 2022","373","SHAFT: Custom Suite","SHAFT: Custom Test","tests.gui.google.B_Search_FlatTest_SHAFT","tests.gui.google.B_Search_FlatTest_SHAFT","navigateToGoogleHomeAndAssertGoogleLogoIsDisplayed","navigateToGoogleHomeAndAssertGoogleLogoIsDisplayed",""
